{
  "hash": "8f7a520b",
  "configHash": "f7ed324e",
  "lockfileHash": "b4a87772",
  "browserHash": "3c0a4ec5",
  "optimized": {
    "@angular/common": {
      "src": "../../../../../../node_modules/@angular/common/fesm2022/common.mjs",
      "file": "@angular_common.js",
      "fileHash": "05a1eb67",
      "needsInterop": false
    },
    "@angular/core": {
      "src": "../../../../../../node_modules/@angular/core/fesm2022/core.mjs",
      "file": "@angular_core.js",
      "fileHash": "84804944",
      "needsInterop": false
    },
    "@angular/forms": {
      "src": "../../../../../../node_modules/@angular/forms/fesm2022/forms.mjs",
      "file": "@angular_forms.js",
      "fileHash": "daa6e798",
      "needsInterop": false
    },
    "@angular/platform-browser": {
      "src": "../../../../../../node_modules/@angular/platform-browser/fesm2022/platform-browser.mjs",
      "file": "@angular_platform-browser.js",
      "fileHash": "a026c342",
      "needsInterop": false
    },
    "@angular/router": {
      "src": "../../../../../../node_modules/@angular/router/fesm2022/router.mjs",
      "file": "@angular_router.js",
      "fileHash": "9ed6bf2c",
      "needsInterop": false
    }
  },
  "chunks": {
    "chunk-ZIAGJ6LN": {
      "file": "chunk-ZIAGJ6LN.js"
    },
    "chunk-Y4V3QD2Y": {
      "file": "chunk-Y4V3QD2Y.js"
    },
    "chunk-BMMIBYAN": {
      "file": "chunk-BMMIBYAN.js"
    }
  }
}